Issue Date,Issue Month,Tender Name,Security Type,Discount Rate(%),Interest Rate(%),Rate difference(%)
04/01/2021,January,1727,2 YR FXR NOTE,18.50,18.50,0.00
04/01/2021,January,1727,364 DAY BILL,14.50,16.96,2.46
04/01/2021,January,1727,91 DAY BILL,13.62,14.10,0.48
04/01/2021,January,1727,182 DAY BILL,13.21,14.15,0.94
11/01/2021,January,1728,91 DAY BILL,13.61,14.09,0.48
11/01/2021,January,1728,182 DAY BILL,13.21,14.14,0.93
18/01/2021,January,1729,91 DAY BILL,13.61,14.09,0.48
18/01/2021,January,1729,182 DAY BILL,13.21,14.14,0.93
25/01/2021,January,1730,6 YR FXR BOND,19.25,19.25,0.00
25/01/2021,January,1730,364 DAY BILL,14.50,16.96,2.46
25/01/2021,January,1730,91 DAY BILL,13.60,14.08,0.48
25/01/2021,January,1730,182 DAY BILL,13.20,14.13,0.93
01/02/2021,February,1731,364 DAY BILL,14.50,16.96,2.46
01/02/2021,February,1731,91 DAY BILL,13.58,14.06,0.48
01/02/2021,February,1731,182 DAY BILL,13.16,14.09,0.93
08/02/2021,February,1732,91 DAY BILL,13.36,13.82,0.46
08/02/2021,February,1732,182 DAY BILL,13.09,14.01,0.92
15/02/2021,February,1733,364 DAY BILL,14.43,16.86,2.43
15/02/2021,February,1733,182 DAY BILL,13.05,13.96,0.91
15/02/2021,February,1733,91 DAY BILL,12.81,13.23,0.42
22/02/2021,February,1734,2 YR FXR NOTE,17.60,17.60,0.00
22/02/2021,February,1734,182 DAY BILL,13.04,13.95,0.91
22/02/2021,February,1734,91 DAY BILL,12.70,13.11,0.41
01/03/2021,March,1735,364 DAY BILL,14.38,16.80,2.42
01/03/2021,March,1735,182 DAY BILL,12.99,13.89,0.90
01/03/2021,March,1735,91 DAY BILL,12.84,13.27,0.43
08/03/2021,March,1736,5 YR FXR BOND,18.30,18.30,0.00
08/03/2021,March,1736,364 DAY BILL,14.35,16.76,2.41
08/03/2021,March,1736,182 DAY BILL,12.96,13.86,0.90
08/03/2021,March,1736,91 DAY BILL,12.64,13.05,0.41
15/03/2021,March,1737,364 DAY BILL,14.29,16.67,2.38
15/03/2021,March,1737,182 DAY BILL,12.95,13.85,0.90
15/03/2021,March,1737,91 DAY BILL,12.61,13.02,0.41
22/03/2021,March,1738,3 YR FXR BOND,17.70,17.70,0.00
22/03/2021,March,1738,182 DAY BILL,12.78,13.66,0.88
22/03/2021,March,1738,91 DAY BILL,12.49,12.90,0.41
29/03/2021,March,1739,364 DAY BILL,14.22,16.57,2.35
29/03/2021,March,1739,182 DAY BILL,12.78,13.65,0.87
29/03/2021,March,1739,91 DAY BILL,12.47,12.87,0.40
05/04/2021,April,1740,182 DAY BILL,12.75,13.62,0.87
05/04/2021,April,1740,91 DAY BILL,12.45,12.85,0.40
12/04/2021,April,1741,364 DAY BILL,14.12,16.45,2.33
12/04/2021,April,1741,182 DAY BILL,12.74,13.61,0.87
12/04/2021,April,1741,91 DAY BILL,12.41,12.81,0.40
19/04/2021,April,1742,182 DAY BILL,12.68,13.53,0.85
19/04/2021,April,1742,91 DAY BILL,12.40,12.79,0.39
26/04/2021,April,1743,364 DAY BILL,14.18,16.53,2.35
26/04/2021,April,1743,182 DAY BILL,12.71,13.58,0.87
26/04/2021,April,1743,91 DAY BILL,12.39,12.78,0.39
03/05/2021,May,1744,182 DAY BILL,12.67,13.53,0.86
03/05/2021,May,1744,91 DAY BILL,12.44,12.84,0.40
10/05/2021,May,1745,182 DAY BILL,12.71,13.57,0.86
10/05/2021,May,1745,91 DAY BILL,12.39,12.79,0.40
17/05/2021,May,1746,5 YR FXR BOND,18.80,18.80,0.00
17/05/2021,May,1746,364 DAY BILL,14.10,16.42,2.32
17/05/2021,May,1746,182 DAY BILL,12.69,13.55,0.86
17/05/2021,May,1746,91 DAY BILL,12.39,12.79,0.40
24/05/2021,May,1747,182 DAY BILL,12.68,13.54,0.86
24/05/2021,May,1747,91 DAY BILL,12.36,12.76,0.40
31/05/2021,May,1748,364 DAY BILL,14.15,16.49,2.34
31/05/2021,May,1748,182 DAY BILL,12.65,13.51,0.86
31/05/2021,May,1748,91 DAY BILL,12.38,12.78,0.40
07/06/2021,June,1749,182 DAY BILL,12.58,13.43,0.85
07/06/2021,June,1749,91 DAY BILL,12.31,12.71,0.40
14/06/2021,June,1750,364 DAY BILL,14.04,16.34,2.30
14/06/2021,June,1750,182 DAY BILL,12.58,13.42,0.84
14/06/2021,June,1750,91 DAY BILL,12.25,12.64,0.39
21/06/2021,June,1751,7 YR FXR BOND,18.10,18.10,0.00
21/06/2021,June,1751,182 DAY BILL,12.55,13.39,0.84
21/06/2021,June,1751,91 DAY BILL,12.24,12.63,0.39
28/06/2021,June,1752,364 DAY BILL,14.04,16.33,2.29
28/06/2021,June,1752,182 DAY BILL,12.54,13.38,0.84
28/06/2021,June,1752,91 DAY BILL,12.24,12.62,0.38
05/07/2021,July,1753,182 DAY BILL,12.54,13.38,0.84
05/07/2021,July,1753,91 DAY BILL,12.20,12.59,0.39
12/07/2021,July,1754,364 DAY BILL,14.03,16.32,2.29
12/07/2021,July,1754,182 DAY BILL,12.53,13.37,0.84
12/07/2021,July,1754,91 DAY BILL,12.18,12.56,0.38
19/07/2021,July,1755,10 YR FXR BOND,19.75,19.75,0.00
19/07/2021,July,1755,182 DAY BILL,12.52,13.36,0.84
19/07/2021,July,1755,91 DAY BILL,12.18,12.56,0.38
26/07/2021,July,1756,364 DAY BILL,14.09,16.40,2.31
26/07/2021,July,1756,182 DAY BILL,12.53,13.36,0.83
26/07/2021,July,1756,91 DAY BILL,12.18,12.56,0.38
02/08/2021,August,1757,2 YR FXR NOTE,17.25,17.25,0.00
02/08/2021,August,1757,182 DAY BILL,12.53,13.37,0.84
02/08/2021,August,1757,91 DAY BILL,12.17,12.55,0.38
09/08/2021,August,1758,364 DAY BILL,14.01,16.29,2.28
09/08/2021,August,1758,182 DAY BILL,12.48,13.31,0.83
09/08/2021,August,1758,91 DAY BILL,12.14,12.52,0.38
16/08/2021,August,1759,364 DAY BILL,13.88,16.11,2.23
16/08/2021,August,1759,182 DAY BILL,12.43,13.26,0.83
16/08/2021,August,1759,91 DAY BILL,12.09,12.47,0.38
23/08/2021,August,1760,182 DAY BILL,12.39,13.21,0.82
23/08/2021,August,1760,91 DAY BILL,12.05,12.42,0.37
30/08/2021,August,1761,182 DAY BILL,12.40,13.22,0.82
30/08/2021,August,1761,91 DAY BILL,12.09,12.46,0.37
06/09/2021,September,1762,364 DAY BILL,13.87,16.10,2.23
06/09/2021,September,1762,182 DAY BILL,12.38,13.20,0.82
06/09/2021,September,1762,91 DAY BILL,12.07,12.45,0.38
13/09/2021,September,1763,6 YR FXR BOND,18.80,18.80,0.00
13/09/2021,September,1763,182 DAY BILL,12.39,13.21,0.82
13/09/2021,September,1763,91 DAY BILL,12.08,12.45,0.37
20/09/2021,September,1764,364 DAY BILL,13.89,16.14,2.25
20/09/2021,September,1764,182 DAY BILL,12.36,13.17,0.81
20/09/2021,September,1764,91 DAY BILL,12.12,12.49,0.37
27/09/2021,September,1765,2 YR FXR NOTE,17.50,17.50,0.00
27/09/2021,September,1765,182 DAY BILL,12.40,13.22,0.82
27/09/2021,September,1765,91 DAY BILL,12.11,12.49,0.38
04/10/2021,October,1766,364 DAY BILL,13.95,16.21,2.26
04/10/2021,October,1766,182 DAY BILL,12.36,13.18,0.82
04/10/2021,October,1766,91 DAY BILL,12.10,12.47,0.37
11/10/2021,October,1767,182 DAY BILL,12.34,13.15,0.81
11/10/2021,October,1767,91 DAY BILL,12.10,12.47,0.37
18/10/2021,October,1768,3 YR FXR BOND,19.00,19.00,0.00
18/10/2021,October,1768,364 DAY BILL,13.99,16.27,2.28
18/10/2021,October,1768,182 DAY BILL,12.33,13.14,0.81
18/10/2021,October,1768,91 DAY BILL,12.07,12.45,0.38
25/10/2021,October,1769,182 DAY BILL,12.34,13.16,0.82
25/10/2021,October,1769,91 DAY BILL,12.08,12.46,0.38
01/11/2021,November,1770,364 DAY BILL,13.97,16.24,2.27
01/11/2021,November,1770,182 DAY BILL,12.31,13.12,0.81
01/11/2021,November,1770,91 DAY BILL,12.07,12.45,0.38
08/11/2021,November,1771,2 YR FXR NOTE,20.00,20.00,0.00
08/11/2021,November,1771,364 DAY BILL,14.01,16.29,2.28
08/11/2021,November,1771,182 DAY BILL,12.35,13.16,0.81
08/11/2021,November,1771,91 DAY BILL,12.10,12.48,0.38
15/11/2021,November,1772,182 DAY BILL,12.40,13.22,0.82
15/11/2021,November,1772,91 DAY BILL,12.11,12.48,0.37
22/11/2021,November,1773,182 DAY BILL,12.37,13.19,0.82
22/11/2021,November,1773,91 DAY BILL,12.12,12.50,0.38
29/11/2021,November,1774,364 DAY BILL,14.02,16.30,2.28
29/11/2021,November,1774,182 DAY BILL,12.36,13.17,0.81
29/11/2021,November,1774,91 DAY BILL,12.12,12.50,0.38
06/12/2021,December,1775,2 YR FXR NOTE,19.75,19.75,0.00
06/12/2021,December,1775,182 DAY BILL,12.35,13.17,0.82
06/12/2021,December,1775,91 DAY BILL,12.10,12.48,0.38
13/12/2021,December,1776,364 DAY BILL,14.06,16.36,2.30
13/12/2021,December,1776,182 DAY BILL,12.38,13.19,0.81
13/12/2021,December,1776,91 DAY BILL,12.09,12.47,0.38
20/12/2021,December,1777,5 YR FXR BOND,21.00,21.00,0.00
20/12/2021,December,1777,364 DAY BILL,14.21,16.57,2.36
20/12/2021,December,1777,182 DAY BILL,12.39,13.20,0.81
20/12/2021,December,1777,91 DAY BILL,12.13,12.51,0.38
27/12/2021,December,1778,182 DAY BILL,12.37,13.19,0.82
27/12/2021,December,1778,91 DAY BILL,12.13,12.51,0.38
03/01/2022,January,1779,3 YR FXR BOND,20.50,20.50,0.00
03/01/2022,January,1779,364 DAY BILL,14.27,16.64,2.37
03/01/2022,January,1779,182 DAY BILL,12.39,13.21,0.82
03/01/2022,January,1779,91 DAY BILL,12.15,12.53,0.38
10/01/2022,January,1780,182 DAY BILL,12.38,13.20,0.82
10/01/2022,January,1780,91 DAY BILL,12.14,12.52,0.38
17/01/2022,January,1781,182 DAY BILL,12.39,13.21,0.82
17/01/2022,January,1781,91 DAY BILL,12.14,12.52,0.38
24/01/2022,January,1782,6 YR FXR BOND,21.75,21.75,0.00
24/01/2022,January,1782,364 DAY BILL,14.31,16.70,2.39
24/01/2022,January,1782,182 DAY BILL,12.39,13.21,0.82
24/01/2022,January,1782,91 DAY BILL,12.16,12.55,0.39
31/01/2022,January,1783,364 DAY BILL,14.34,16.74,2.40
31/01/2022,January,1783,182 DAY BILL,12.41,13.23,0.82
31/01/2022,January,1783,91 DAY BILL,12.25,12.63,0.38
07/02/2022,February,1784,182 DAY BILL,12.41,13.23,0.82
07/02/2022,February,1784,91 DAY BILL,12.28,12.66,0.38
14/02/2022,February,1785,2 YR FXR NOTE,19.75,19.75,0.00
14/02/2022,February,1785,364 DAY BILL,14.52,16.99,2.47
14/02/2022,February,1785,182 DAY BILL,12.43,13.26,0.83
14/02/2022,February,1785,91 DAY BILL,12.30,12.69,0.39
21/02/2022,February,1786,91 DAY BILL,12.51,12.91,0.40
21/02/2022,February,1786,182 DAY BILL,12.47,13.29,0.82
28/02/2022,February,1787,364 DAY BILL,14.50,16.96,2.46
28/02/2022,February,1787,91 DAY BILL,12.62,13.03,0.41
28/02/2022,February,1787,182 DAY BILL,12.48,13.31,0.83
07/03/2022,March,1788,364 DAY BILL,14.50,16.96,2.46
07/03/2022,March,1788,91 DAY BILL,12.72,13.14,0.42
07/03/2022,March,1788,182 DAY BILL,12.53,13.37,0.84
14/03/2022,March,1789,5 YR FXR BOND,20.75,20.75,0.00
14/03/2022,March,1789,364 DAY BILL,14.50,16.96,2.46
14/03/2022,March,1789,91 DAY BILL,12.83,13.25,0.42
14/03/2022,March,1789,182 DAY BILL,12.69,13.55,0.86
21/03/2022,March,1790,91 DAY BILL,12.98,13.42,0.44
21/03/2022,March,1790,182 DAY BILL,12.74,13.61,0.87
28/03/2022,March,1791,364 DAY BILL,14.61,17.11,2.50
28/03/2022,March,1791,91 DAY BILL,13.66,14.14,0.48
28/03/2022,March,1791,182 DAY BILL,13.53,14.51,0.98
04/04/2022,April,1792,182 DAY BILL,14.35,15.46,1.11
04/04/2022,April,1792,91 DAY BILL,14.31,14.85,0.54
11/04/2022,April,1793,3 YR FXR BOND,20.85,20.85,0.00
11/04/2022,April,1793,364 DAY BILL,15.45,18.27,2.82
11/04/2022,April,1793,91 DAY BILL,15.14,15.74,0.60
11/04/2022,April,1793,182 DAY BILL,14.75,15.93,1.18
18/04/2022,April,1794,364 DAY BILL,15.86,18.85,2.99
18/04/2022,April,1794,91 DAY BILL,15.69,16.33,0.64
18/04/2022,April,1794,182 DAY BILL,15.08,16.32,1.24
25/04/2022,April,1795,364 DAY BILL,16.44,19.67,3.23
25/04/2022,April,1795,91 DAY BILL,16.11,16.78,0.67
25/04/2022,April,1795,182 DAY BILL,16.03,17.42,1.39
02/05/2022,May,1796,182 DAY BILL,16.96,18.53,1.57
02/05/2022,May,1796,91 DAY BILL,16.68,17.41,0.73
09/05/2022,May,1797,5 YR FXR BOND,22.30,22.30,0.00
09/05/2022,May,1797,2 YR FXR NOTE,21.50,21.50,0.00
09/05/2022,May,1797,182 DAY BILL,17.19,18.81,1.62
09/05/2022,May,1797,364 DAY BILL,17.12,20.65,3.53
09/05/2022,May,1797,91 DAY BILL,17.11,17.88,0.77
16/05/2022,May,1798,364 DAY BILL,17.73,21.55,3.82
16/05/2022,May,1798,182 DAY BILL,17.57,19.26,1.69
16/05/2022,May,1798,91 DAY BILL,17.43,18.23,0.80
23/05/2022,May,1799,3 YR FXR BOND,25.00,25.00,0.00
23/05/2022,May,1799,182 DAY BILL,18.81,20.76,1.95
23/05/2022,May,1799,91 DAY BILL,18.21,19.08,0.87
30/05/2022,May,1800,182 DAY BILL,20.59,22.95,2.36
30/05/2022,May,1800,364 DAY BILL,19.66,24.46,4.80
30/05/2022,May,1800,91 DAY BILL,18.99,19.94,0.95
06/06/2022,June,1801,182 DAY BILL,21.76,24.41,2.65
06/06/2022,June,1801,91 DAY BILL,21.37,22.57,1.20
13/06/2022,June,1802,182 DAY BILL,22.54,25.41,2.87
13/06/2022,June,1802,91 DAY BILL,22.37,23.70,1.33
13/06/2022,June,1802,364 DAY BILL,21.17,26.86,5.69
20/06/2022,June,1803,91 DAY BILL,23.25,24.68,1.43
20/06/2022,June,1803,182 DAY BILL,23.00,25.98,2.98
27/06/2022,June,1804,91 DAY BILL,24.09,25.64,1.55
27/06/2022,June,1804,182 DAY BILL,23.32,26.40,3.08
27/06/2022,June,1804,364 DAY BILL,21.52,27.43,5.91
04/07/2022,July,1805,91 DAY BILL,24.31,25.88,1.57
04/07/2022,July,1805,182 DAY BILL,23.46,26.57,3.11
11/07/2022,July,1806,91 DAY BILL,24.32,25.89,1.57
11/07/2022,July,1806,182 DAY BILL,23.44,26.55,3.11
11/07/2022,July,1806,364 DAY BILL,21.56,27.49,5.93
18/07/2022,July,1807,91 DAY BILL,24.37,25.95,1.58
18/07/2022,July,1807,182 DAY BILL,24.15,27.46,3.31
25/07/2022,July,1808,3 YR FXR BOND,29.85,29.85,0.00
25/07/2022,July,1808,91 DAY BILL,24.71,26.34,1.63
25/07/2022,July,1808,182 DAY BILL,24.61,28.06,3.45
25/07/2022,July,1808,364 DAY BILL,21.79,27.85,6.06
01/08/2022,August,1809,91 DAY BILL,25.04,26.71,1.67
01/08/2022,August,1809,182 DAY BILL,24.76,28.26,3.50
08/08/2022,August,1810,91 DAY BILL,25.33,27.04,1.71
08/08/2022,August,1810,182 DAY BILL,24.95,28.51,3.56
08/08/2022,August,1810,364 DAY BILL,22.12,28.40,6.28
15/08/2022,August,1811,91 DAY BILL,25.59,27.34,1.75
15/08/2022,August,1811,182 DAY BILL,25.12,28.73,3.61
15/08/2022,August,1811,364 DAY BILL,22.38,28.83,6.45
22/08/2022,August,1812,91 DAY BILL,25.92,27.72,1.80
22/08/2022,August,1812,182 DAY BILL,25.55,29.29,3.74
29/08/2022,August,1813,91 DAY BILL,26.70,28.61,1.91
29/08/2022,August,1813,182 DAY BILL,26.04,29.94,3.90
29/08/2022,August,1813,364 DAY BILL,22.79,29.52,6.73
05/09/2022,September,1814,91 DAY BILL,27.08,29.05,1.97
05/09/2022,September,1814,182 DAY BILL,26.26,30.23,3.97
05/09/2022,September,1814,364 DAY BILL,23.09,30.02,6.93
12/09/2022,September,1815,91 DAY BILL,27.46,29.48,2.02
12/09/2022,September,1815,182 DAY BILL,26.88,31.05,4.17
19/09/2022,September,1816,91 DAY BILL,27.83,29.91,2.08
19/09/2022,September,1816,182 DAY BILL,26.95,31.14,4.19
19/09/2022,September,1816,364 DAY BILL,23.36,30.47,7.11
26/09/2022,September,1817,91 DAY BILL,28.06,30.18,2.12
26/09/2022,September,1817,182 DAY BILL,27.10,31.34,4.24
03/10/2022,October,1818,91 DAY BILL,28.30,30.45,2.15
03/10/2022,October,1818,182 DAY BILL,27.26,31.57,4.31
03/10/2022,October,1818,364 DAY BILL,23.98,31.55,7.57
10/10/2022,October,1819,91 DAY BILL,28.74,30.96,2.22
10/10/2022,October,1819,182 DAY BILL,27.54,31.94,4.40
17/10/2022,October,1820,91 DAY BILL,29.11,31.39,2.28
17/10/2022,October,1820,182 DAY BILL,27.76,32.24,4.48
17/10/2022,October,1820,364 DAY BILL,24.28,32.07,7.79
24/10/2022,October,1821,91 DAY BILL,29.76,32.16,2.40
24/10/2022,October,1821,182 DAY BILL,28.38,33.08,4.70
31/10/2022,October,1822,91 DAY BILL,30.23,32.70,2.47
31/10/2022,October,1822,182 DAY BILL,29.25,34.26,5.01
31/10/2022,October,1822,364 DAY BILL,25.01,33.36,8.35
07/11/2022,November,1823,91 DAY BILL,30.78,33.34,2.56
07/11/2022,November,1823,182 DAY BILL,29.68,34.85,5.17
07/11/2022,November,1823,364 DAY BILL,25.81,34.80,8.99
14/11/2022,November,1824,91 DAY BILL,31.67,34.39,2.72
14/11/2022,November,1824,182 DAY BILL,30.15,35.50,5.35
14/11/2022,November,1824,364 DAY BILL,25.97,35.08,9.11
21/11/2022,November,1825,91 DAY BILL,32.35,35.20,2.85
21/11/2022,November,1825,182 DAY BILL,30.50,35.99,5.49
28/11/2022,November,1826,91 DAY BILL,32.64,35.54,2.90
28/11/2022,November,1826,182 DAY BILL,30.78,36.38,5.60
28/11/2022,November,1826,364 DAY BILL,26.41,35.90,9.49
05/12/2022,December,1827,91 DAY BILL,33.18,36.18,3.00
05/12/2022,December,1827,182 DAY BILL,31.03,36.73,5.70
12/12/2022,December,1828,91 DAY BILL,32.66,35.57,2.91
12/12/2022,December,1828,182 DAY BILL,30.89,36.53,5.64
12/12/2022,December,1828,364 DAY BILL,26.57,36.19,9.62
19/12/2022,December,1829,91 DAY BILL,32.12,34.93,2.81
19/12/2022,December,1829,182 DAY BILL,30.53,36.03,5.50
19/12/2022,December,1829,364 DAY BILL,26.53,36.10,9.57
26/12/2022,December,1830,91 DAY BILL,32.49,35.36,2.87
26/12/2022,December,1830,182 DAY BILL,30.44,35.90,5.46
02/01/2023,January,1831,91 DAY BILL,32.49,35.36,2.87
02/01/2023,January,1831,182 DAY BILL,30.49,35.98,5.49
02/01/2023,January,1831,364 DAY BILL,26.41,35.89,9.48
09/01/2023,January,1832,91 DAY BILL,32.74,35.66,2.92
09/01/2023,January,1832,182 DAY BILL,30.47,35.95,5.48
16/01/2023,January,1833,91 DAY BILL,32.58,35.46,2.88
16/01/2023,January,1833,182 DAY BILL,30.39,35.83,5.44
16/01/2023,January,1833,364 DAY BILL,26.42,35.92,9.50
23/01/2023,January,1834,91 DAY BILL,32.72,35.63,2.91
23/01/2023,January,1834,182 DAY BILL,30.37,35.81,5.44
23/01/2023,January,1834,364 DAY BILL,26.23,35.56,9.33
30/01/2023,January,1835,91 DAY BILL,32.79,35.71,2.92
30/01/2023,January,1835,182 DAY BILL,30.33,35.75,5.42
30/01/2023,January,1835,364 DAY BILL,26.37,35.81,9.44
06/02/2023,February,1836,91 DAY BILL,32.81,35.75,2.94
06/02/2023,February,1836,182 DAY BILL,30.37,35.81,5.44
13/02/2023,February,1837,91 DAY BILL,32.80,35.73,2.93
13/02/2023,February,1837,182 DAY BILL,30.40,35.84,5.44
13/02/2023,February,1837,364 DAY BILL,26.27,35.62,9.35
20/02/2023,February,1838,91 DAY BILL,32.75,35.67,2.92
20/02/2023,February,1838,182 DAY BILL,30.31,35.72,5.41
27/02/2023,February,1839,91 DAY BILL,32.65,35.55,2.90
27/02/2023,February,1839,182 DAY BILL,30.19,35.56,5.37
27/02/2023,February,1839,364 DAY BILL,25.49,34.21,8.72
06/03/2023,March,1840,182 DAY BILL,23.44,26.56,3.12
06/03/2023,March,1840,91 DAY BILL,22.78,24.16,1.38
06/03/2023,March,1840,364 DAY BILL,21.60,27.54,5.94
13/03/2023,March,1841,364 DAY BILL,21.15,26.82,5.67
13/03/2023,March,1841,182 DAY BILL,20.51,22.85,2.34
13/03/2023,March,1841,91 DAY BILL,19.05,20.00,0.95
20/03/2023,March,1842,182 DAY BILL,19.23,21.27,2.04
20/03/2023,March,1842,91 DAY BILL,17.71,18.53,0.82
27/03/2023,March,1843,364 DAY BILL,20.42,25.66,5.24
27/03/2023,March,1843,182 DAY BILL,19.36,21.44,2.08
27/03/2023,March,1843,91 DAY BILL,18.03,18.88,0.85
03/04/2023,April,1844,182 DAY BILL,19.70,21.86,2.16
03/04/2023,April,1844,91 DAY BILL,18.49,19.39,0.90
10/04/2023,April,1845,364 DAY BILL,21.23,26.96,5.73
10/04/2023,April,1845,182 DAY BILL,20.02,22.25,2.23
10/04/2023,April,1845,91 DAY BILL,18.77,19.69,0.92
17/04/2023,April,1846,364 DAY BILL,21.20,26.90,5.70
17/04/2023,April,1846,182 DAY BILL,20.20,22.47,2.27
17/04/2023,April,1846,91 DAY BILL,18.82,19.74,0.92
24/04/2023,April,1847,364 DAY BILL,21.42,27.26,5.84
24/04/2023,April,1847,182 DAY BILL,20.29,22.58,2.29
24/04/2023,April,1847,91 DAY BILL,18.92,19.86,0.94
01/05/2023,May,1848,182 DAY BILL,20.39,22.71,2.32
01/05/2023,May,1848,91 DAY BILL,19.00,19.95,0.95
08/05/2023,May,1849,364 DAY BILL,21.48,27.36,5.88
08/05/2023,May,1849,182 DAY BILL,20.49,22.83,2.34
08/05/2023,May,1849,91 DAY BILL,19.28,20.26,0.98
15/05/2023,May,1850,364 DAY BILL,21.62,27.59,5.97
15/05/2023,May,1850,182 DAY BILL,20.60,22.96,2.36
15/05/2023,May,1850,91 DAY BILL,19.44,20.43,0.99
22/05/2023,May,1851,182 DAY BILL,20.91,23.36,2.45
22/05/2023,May,1851,91 DAY BILL,19.56,20.56,1.00
29/05/2023,May,1852,364 DAY BILL,21.89,28.02,6.13
29/05/2023,May,1852,182 DAY BILL,21.13,23.62,2.49
29/05/2023,May,1852,91 DAY BILL,19.77,20.80,1.03
05/06/2023,June,1853,182 DAY BILL,21.38,23.94,2.56
05/06/2023,June,1853,91 DAY BILL,20.09,21.16,1.07
12/06/2023,June,1854,364 DAY BILL,21.76,27.82,6.06
12/06/2023,June,1854,182 DAY BILL,21.39,23.95,2.56
12/06/2023,June,1854,91 DAY BILL,20.20,21.27,1.07
19/06/2023,June,1855,91 DAY BILL,20.58,21.69,1.12
19/06/2023,June,1855,182 DAY BILL,22.20,24.97,2.77
19/06/2023,June,1855,364 DAY BILL,22.43,28.91,6.49
26/06/2023,June,1856,91 DAY BILL,21.72,22.97,1.25
26/06/2023,June,1856,182 DAY BILL,22.57,25.44,2.87
26/06/2023,June,1856,364 DAY BILL,22.63,29.25,6.62
03/07/2023,July,1857,91 DAY BILL,22.60,23.95,1.35
03/07/2023,July,1857,182 DAY BILL,22.85,25.80,2.95
10/07/2023,July,1858,91 DAY BILL,22.99,24.39,1.40
10/07/2023,July,1858,182 DAY BILL,23.03,26.03,3.00
10/07/2023,July,1858,364 DAY BILL,22.87,29.65,6.78
17/07/2023,July,1859,91 DAY BILL,23.25,24.69,1.44
17/07/2023,July,1859,182 DAY BILL,23.33,26.41,3.08
24/07/2023,July,1860,91 DAY BILL,23.46,24.92,1.46
24/07/2023,July,1860,182 DAY BILL,23.64,26.81,3.17
24/07/2023,July,1860,364 DAY BILL,23.10,30.05,6.94
31/07/2023,July,1861,91 DAY BILL,23.74,25.24,1.50
31/07/2023,July,1861,182 DAY BILL,23.90,27.15,3.24
31/07/2023,July,1861,364 DAY BILL,23.26,30.31,7.05
07/08/2023,August,1862,91 DAY BILL,24.04,25.57,1.54
07/08/2023,August,1862,182 DAY BILL,24.01,27.28,3.27
07/08/2023,August,1862,364 DAY BILL,23.37,30.49,7.12
14/08/2023,August,1863,91 DAY BILL,24.49,26.09,1.60
14/08/2023,August,1863,364 DAY BILL,23.49,30.70,7.21
14/08/2023,August,1863,182 DAY BILL,24.25,27.60,3.35
21/08/2023,August,1864,91 DAY BILL,25.04,26.71,1.67
21/08/2023,August,1864,182 DAY BILL,24.47,27.88,3.41
21/08/2023,August,1864,364 DAY BILL,23.71,31.08,7.37
28/08/2023,August,1865,91 DAY BILL,25.31,27.02,1.71
28/08/2023,August,1865,182 DAY BILL,25.04,28.62,3.58
28/08/2023,August,1865,364 DAY BILL,23.80,31.24,7.44
04/09/2023,September,1866,91 DAY BILL,25.61,27.36,1.75
04/09/2023,September,1866,182 DAY BILL,25.11,28.71,3.60
04/09/2023,September,1866,364 DAY BILL,24.05,31.66,7.61
11/09/2023,September,1867,91 DAY BILL,25.98,27.79,1.80
11/09/2023,September,1867,182 DAY BILL,25.42,29.12,3.70
11/09/2023,September,1867,364 DAY BILL,24.23,31.97,7.74
18/09/2023,September,1868,91 DAY BILL,26.27,28.12,1.85
18/09/2023,September,1868,182 DAY BILL,25.63,29.39,3.77
18/09/2023,September,1868,364 DAY BILL,24.34,32.17,7.83
25/09/2023,September,1869,91 DAY BILL,26.61,28.50,1.90
25/09/2023,September,1869,182 DAY BILL,26.60,30.68,4.08
25/09/2023,September,1869,364 DAY BILL,24.53,32.51,7.97
02/10/2023,October,1870,91 DAY BILL,26.86,28.80,1.93
02/10/2023,October,1870,182 DAY BILL,26.78,30.92,4.14
02/10/2023,October,1870,364 DAY BILL,24.71,32.82,8.11
09/10/2023,October,1871,91 DAY BILL,27.21,29.19,1.99
09/10/2023,October,1871,182 DAY BILL,27.00,31.22,4.21
09/10/2023,October,1871,364 DAY BILL,24.82,33.02,8.19
16/10/2023,October,1872,91 DAY BILL,27.46,29.48,2.02
16/10/2023,October,1872,182 DAY BILL,27.16,31.43,4.27
16/10/2023,October,1872,364 DAY BILL,24.93,33.21,8.28
23/10/2023,October,1873,91 DAY BILL,27.67,29.73,2.06
23/10/2023,October,1873,182 DAY BILL,27.29,31.60,4.31
23/10/2023,October,1873,364 DAY BILL,25.00,33.34,8.34
30/10/2023,October,1874,91 DAY BILL,27.75,29.82,2.07
30/10/2023,October,1874,182 DAY BILL,27.35,31.68,4.33
30/10/2023,October,1874,364 DAY BILL,25.05,33.42,8.37
06/11/2023,November,1875,91 DAY BILL,27.88,29.97,2.09
06/11/2023,November,1875,182 DAY BILL,27.70,32.15,4.45
06/11/2023,November,1875,364 DAY BILL,25.21,33.70,8.49
13/11/2023,November,1876,91 DAY BILL,27.77,29.84,2.07
13/11/2023,November,1876,182 DAY BILL,27.49,31.88,4.38
13/11/2023,November,1876,364 DAY BILL,25.06,33.45,8.38
20/11/2023,November,1877,91 DAY BILL,27.68,29.74,2.06
20/11/2023,November,1877,182 DAY BILL,27.49,31.88,4.38
20/11/2023,November,1877,364 DAY BILL,25.06,33.45,8.38
27/11/2023,November,1878,91 DAY BILL,27.47,29.50,2.03
27/11/2023,November,1878,182 DAY BILL,27.41,31.76,4.35
27/11/2023,November,1878,364 DAY BILL,24.94,33.23,8.29
04/12/2023,December,1879,182 DAY BILL,27.41,31.76,4.35
04/12/2023,December,1879,364 DAY BILL,25.06,33.44,8.38
04/12/2023,December,1879,91 DAY BILL,27.53,29.57,2.04
11/12/2023,December,1880,91 DAY BILL,27.55,29.58,2.04
11/12/2023,December,1880,182 DAY BILL,27.56,31.97,4.41
11/12/2023,December,1880,364 DAY BILL,25.07,33.46,8.39
18/12/2023,December,1881,91 DAY BILL,27.08,29.05,1.97
18/12/2023,December,1881,182 DAY BILL,26.94,31.14,4.19
18/12/2023,December,1881,364 DAY BILL,24.52,32.49,7.97
25/12/2023,December,1882,91 DAY BILL,27.35,29.36,2.01
25/12/2023,December,1882,182 DAY BILL,27.55,31.95,4.40
25/12/2023,December,1882,364 DAY BILL,24.52,32.49,7.97
01/01/2024,January,1883,91 DAY BILL,27.25,29.24,1.99
01/01/2024,January,1883,182 DAY BILL,27.50,31.88,4.38
01/01/2024,January,1883,364 DAY BILL,24.52,32.49,7.97
08/01/2024,January,1884,91 DAY BILL,27.20,29.19,1.99
08/01/2024,January,1884,182 DAY BILL,27.40,31.74,4.35
08/01/2024,January,1884,364 DAY BILL,24.44,32.34,7.90
15/01/2024,January,1885,91 DAY BILL,27.07,29.04,1.97
15/01/2024,January,1885,182 DAY BILL,27.23,31.52,4.29
15/01/2024,January,1885,364 DAY BILL,24.29,32.08,7.79
22/01/2024,January,1886,91 DAY BILL,26.94,28.88,1.95
22/01/2024,January,1886,182 DAY BILL,27.14,31.40,4.26
22/01/2024,January,1886,364 DAY BILL,24.24,32.00,7.76
29/01/2024,January,1887,91 DAY BILL,26.68,28.59,1.91
29/01/2024,January,1887,182 DAY BILL,26.91,31.10,4.18
29/01/2024,January,1887,364 DAY BILL,24.13,31.80,7.67
05/02/2024,February,1888,91 DAY BILL,26.43,28.30,1.87
05/02/2024,February,1888,182 DAY BILL,26.69,30.79,4.11
05/02/2024,February,1888,364 DAY BILL,23.90,31.40,7.50
12/02/2024,February,1889,91 DAY BILL,26.17,28.00,1.83
12/02/2024,February,1889,182 DAY BILL,26.42,30.44,4.02
12/02/2024,February,1889,364 DAY BILL,23.66,31.00,7.34
19/02/2024,February,1890,91 DAY BILL,26.08,27.89,1.82
19/02/2024,February,1890,182 DAY BILL,26.38,30.39,4.01
19/02/2024,February,1890,364 DAY BILL,23.61,30.90,7.29
26/02/2024,February,1891,182 DAY BILL,25.90,29.75,3.85
26/02/2024,February,1891,364 DAY BILL,23.25,30.30,7.05
26/02/2024,February,1891,91 DAY BILL,25.54,27.28,1.74
04/03/2024,March,1892,91 DAY BILL,25.29,27.00,1.71
04/03/2024,March,1892,182 DAY BILL,25.71,29.50,3.79
04/03/2024,March,1892,364 DAY BILL,23.14,30.10,6.96
11/03/2024,March,1893,182 DAY BILL,25.52,29.25,3.73
11/03/2024,March,1893,364 DAY BILL,22.99,29.85,6.86
11/03/2024,March,1893,91 DAY BILL,25.07,26.75,1.68
18/03/2024,March,1894,91 DAY BILL,24.85,26.50,1.65
18/03/2024,March,1894,182 DAY BILL,25.33,29.00,3.67
18/03/2024,March,1894,364 DAY BILL,22.84,29.60,6.76
25/03/2024,March,1895,91 DAY BILL,24.41,26.00,1.59
25/03/2024,March,1895,182 DAY BILL,24.94,28.50,3.55
25/03/2024,March,1895,364 DAY BILL,22.54,29.10,6.56
01/04/2024,April,1896,182 DAY BILL,24.75,28.25,3.50
01/04/2024,April,1896,91 DAY BILL,24.19,25.75,1.56
01/04/2024,April,1896,364 DAY BILL,22.39,28.85,6.46
08/04/2024,April,1897,91 DAY BILL,24.18,25.73,1.56
08/04/2024,April,1897,182 DAY BILL,24.74,28.23,3.49
08/04/2024,April,1897,364 DAY BILL,22.38,28.84,6.45
15/04/2024,April,1898,91 DAY BILL,24.18,25.74,1.56
15/04/2024,April,1898,182 DAY BILL,24.68,28.15,3.47
15/04/2024,April,1898,364 DAY BILL,22.33,28.75,6.42
22/04/2024,April,1899,364 DAY BILL,22.18,28.50,6.32
22/04/2024,April,1899,91 DAY BILL,24.10,25.65,1.55
22/04/2024,April,1899,182 DAY BILL,24.48,27.90,3.42
29/04/2024,April,1900,91 DAY BILL,24.01,25.55,1.53
29/04/2024,April,1900,182 DAY BILL,24.29,27.65,3.36
29/04/2024,April,1900,364 DAY BILL,22.03,28.25,6.22
06/05/2024,May,1901,91 DAY BILL,23.93,25.45,1.52
06/05/2024,May,1901,182 DAY BILL,24.10,27.40,3.30
06/05/2024,May,1901,364 DAY BILL,21.87,28.00,6.12
13/05/2024,May,1902,91 DAY BILL,23.71,25.20,1.49
13/05/2024,May,1902,182 DAY BILL,23.79,27.00,3.21
13/05/2024,May,1902,364 DAY BILL,21.87,28.00,6.12
20/05/2024,May,1903,182 DAY BILL,23.75,26.95,3.20
20/05/2024,May,1903,364 DAY BILL,21.84,27.95,6.11
20/05/2024,May,1903,91 DAY BILL,23.62,25.10,1.48
27/05/2024,May,1904,91 DAY BILL,23.62,25.10,1.48
27/05/2024,May,1904,182 DAY BILL,23.75,26.95,3.20
27/05/2024,May,1904,364 DAY BILL,21.84,27.95,6.11
03/06/2024,June,1905,91 DAY BILL,23.56,25.04,1.48
03/06/2024,June,1905,182 DAY BILL,23.72,26.92,3.19
03/06/2024,June,1905,364 DAY BILL,21.82,27.91,6.09
10/06/2024,June,1906,91 DAY BILL,23.56,25.04,1.48
10/06/2024,June,1906,182 DAY BILL,23.74,26.94,3.20
10/06/2024,June,1906,364 DAY BILL,21.83,27.93,6.10
17/06/2024,June,1907,91 DAY BILL,23.41,24.87,1.46
17/06/2024,June,1907,182 DAY BILL,23.66,26.83,3.17
17/06/2024,June,1907,364 DAY BILL,21.76,27.82,6.05
24/06/2024,June,1908,91 DAY BILL,23.41,24.87,1.46
24/06/2024,June,1908,364 DAY BILL,21.75,27.79,6.04
24/06/2024,June,1908,182 DAY BILL,23.63,26.80,3.17
01/07/2024,July,1909,91 DAY BILL,23.41,24.87,1.46
01/07/2024,July,1909,182 DAY BILL,23.63,26.80,3.17
01/07/2024,July,1909,364 DAY BILL,21.75,27.79,6.04
08/07/2024,July,1910,91 DAY BILL,23.34,24.79,1.45
08/07/2024,July,1910,182 DAY BILL,23.59,26.75,3.16
08/07/2024,July,1910,364 DAY BILL,21.75,27.79,6.04
15/07/2024,July,1911,91 DAY BILL,23.34,24.79,1.45
15/07/2024,July,1911,182 DAY BILL,23.59,26.75,3.16
15/07/2024,July,1911,364 DAY BILL,21.75,27.79,6.04
22/07/2024,July,1912,91 DAY BILL,23.34,24.79,1.45
22/07/2024,July,1912,364 DAY BILL,21.76,27.81,6.05
22/07/2024,July,1912,182 DAY BILL,23.57,26.71,3.15
29/07/2024,July,1913,91 DAY BILL,23.34,24.79,1.45
29/07/2024,July,1913,182 DAY BILL,23.59,26.74,3.15
29/07/2024,July,1913,364 DAY BILL,21.79,27.86,6.07
05/08/2024,August,1914,91 DAY BILL,23.37,24.82,1.45
05/08/2024,August,1914,182 DAY BILL,23.61,26.76,3.16
05/08/2024,August,1914,364 DAY BILL,21.79,27.86,6.07
12/08/2024,August,1915,91 DAY BILL,23.37,24.83,1.45
12/08/2024,August,1915,182 DAY BILL,23.61,26.76,3.16
12/08/2024,August,1915,364 DAY BILL,21.79,27.86,6.07
19/08/2024,August,1916,91 DAY BILL,23.39,24.84,1.45
19/08/2024,August,1916,182 DAY BILL,23.59,26.75,3.16
19/08/2024,August,1916,364 DAY BILL,21.78,27.85,6.07
26/08/2024,August,1917,91 DAY BILL,23.34,24.79,1.45
26/08/2024,August,1917,182 DAY BILL,23.54,26.69,3.14
26/08/2024,August,1917,364 DAY BILL,21.76,27.81,6.05
02/09/2024,September,1918,91 DAY BILL,23.43,24.89,1.46
02/09/2024,September,1918,182 DAY BILL,23.62,26.79,3.16
02/09/2024,September,1918,364 DAY BILL,21.82,27.91,6.09
09/09/2024,September,1919,91 DAY BILL,23.44,24.90,1.46
09/09/2024,September,1919,182 DAY BILL,23.63,26.79,3.16
09/09/2024,September,1919,364 DAY BILL,21.83,27.93,6.10
16/09/2024,September,1920,91 DAY BILL,23.46,24.92,1.46
16/09/2024,September,1920,182 DAY BILL,23.63,26.80,3.17
16/09/2024,September,1920,364 DAY BILL,21.92,28.07,6.15
23/09/2024,September,1921,91 DAY BILL,23.54,25.01,1.47
23/09/2024,September,1921,182 DAY BILL,23.64,26.82,3.17
23/09/2024,September,1921,364 DAY BILL,21.92,28.08,6.16
30/09/2024,September,1922,91 DAY BILL,24.10,25.64,1.55
30/09/2024,September,1922,182 DAY BILL,23.73,26.92,3.19
30/09/2024,September,1922,364 DAY BILL,22.29,28.68,6.39
07/10/2024,October,1923,91 DAY BILL,23.93,25.46,1.52
07/10/2024,October,1923,182 DAY BILL,23.63,26.80,3.17
07/10/2024,October,1923,364 DAY BILL,22.19,28.52,6.33
14/10/2024,October,1924,182 DAY BILL,23.71,26.90,3.19
14/10/2024,October,1924,91 DAY BILL,24.08,25.62,1.54
14/10/2024,October,1924,364 DAY BILL,22.23,28.58,6.35
21/10/2024,October,1925,91 DAY BILL,24.36,25.94,1.58
21/10/2024,October,1925,182 DAY BILL,23.81,27.03,3.22
21/10/2024,October,1925,364 DAY BILL,22.32,28.74,6.41
28/10/2024,October,1926,364 DAY BILL,22.46,28.97,6.51
28/10/2024,October,1926,91 DAY BILL,24.58,26.19,1.61
28/10/2024,October,1926,182 DAY BILL,24.01,27.29,3.28
04/11/2024,November,1927,182 DAY BILL,24.24,27.58,3.34
04/11/2024,November,1927,91 DAY BILL,24.91,26.56,1.65
04/11/2024,November,1927,364 DAY BILL,22.50,29.04,6.53
11/11/2024,November,1928,91 DAY BILL,25.14,26.83,1.69
11/11/2024,November,1928,182 DAY BILL,24.31,27.68,3.36
11/11/2024,November,1928,364 DAY BILL,22.56,29.13,6.57
18/11/2024,November,1929,91 DAY BILL,25.27,26.97,1.70
18/11/2024,November,1929,182 DAY BILL,24.40,27.79,3.39
18/11/2024,November,1929,364 DAY BILL,22.61,29.22,6.61
25/11/2024,November,1930,91 DAY BILL,25.46,27.19,1.73
25/11/2024,November,1930,182 DAY BILL,24.55,27.99,3.44
25/11/2024,November,1930,364 DAY BILL,22.97,29.82,6.85
02/12/2024,December,1931,91 DAY BILL,25.61,27.36,1.75
02/12/2024,December,1931,182 DAY BILL,24.64,28.10,3.46
02/12/2024,December,1931,364 DAY BILL,23.01,29.88,6.87
09/12/2024,December,1932,91 DAY BILL,25.82,27.60,1.78
09/12/2024,December,1932,182 DAY BILL,24.80,28.32,3.51
09/12/2024,December,1932,364 DAY BILL,23.02,29.91,6.88
16/12/2024,December,1933,91 DAY BILL,25.97,27.77,1.80
16/12/2024,December,1933,182 DAY BILL,24.94,28.49,3.55
16/12/2024,December,1933,364 DAY BILL,23.04,29.94,6.90
23/12/2024,December,1934,91 DAY BILL,26.04,27.85,1.81
23/12/2024,December,1934,182 DAY BILL,25.00,28.57,3.57
23/12/2024,December,1934,364 DAY BILL,23.05,29.96,6.91
30/12/2024,December,1935,91 DAY BILL,26.20,28.04,1.84
30/12/2024,December,1935,182 DAY BILL,25.09,28.68,3.60
30/12/2024,December,1935,364 DAY BILL,23.12,30.07,6.95
06/01/2025,January,1936,91 DAY BILL,26.33,28.19,1.86
06/01/2025,January,1936,182 DAY BILL,25.26,28.92,3.65
06/01/2025,January,1936,364 DAY BILL,23.17,30.15,6.99
13/01/2025,January,1937,91 DAY BILL,26.46,28.34,1.87
13/01/2025,January,1937,182 DAY BILL,25.30,28.96,3.66
13/01/2025,January,1937,364 DAY BILL,23.18,30.18,7.00
20/01/2025,January,1938,91 DAY BILL,26.53,28.42,1.89
20/01/2025,January,1938,182 DAY BILL,25.31,28.97,3.67
20/01/2025,January,1938,364 DAY BILL,23.25,30.29,7.04
27/01/2025,January,1939,91 DAY BILL,26.62,28.52,1.90
27/01/2025,January,1939,182 DAY BILL,25.38,29.07,3.69
27/01/2025,January,1939,364 DAY BILL,23.32,30.41,7.09
03/02/2025,February,1940,91 DAY BILL,26.53,28.41,1.88
03/02/2025,February,1940,182 DAY BILL,25.25,28.90,3.65
03/02/2025,February,1940,364 DAY BILL,23.30,30.37,7.07
10/02/2025,February,1941,91 DAY BILL,26.16,27.98,1.83
10/02/2025,February,1941,182 DAY BILL,25.09,28.69,3.60
17/02/2025,February,1942,91 DAY BILL,25.17,26.86,1.69
17/02/2025,February,1942,182 DAY BILL,24.41,27.81,3.39
17/02/2025,February,1942,364 DAY BILL,22.53,29.07,6.55
24/02/2025,February,1943,91 DAY BILL,23.07,24.48,1.41
24/02/2025,February,1943,364 DAY BILL,21.45,27.30,5.85
24/02/2025,February,1943,182 DAY BILL,22.53,25.39,2.86
03/03/2025,March,1944,91 DAY BILL,19.76,20.79,1.03
03/03/2025,March,1944,182 DAY BILL,20.62,22.99,2.37
03/03/2025,March,1944,364 DAY BILL,18.50,22.70,4.20
10/03/2025,March,1945,91 DAY BILL,16.97,17.72,0.75
10/03/2025,March,1945,364 DAY BILL,16.66,19.98,3.33
10/03/2025,March,1945,182 DAY BILL,17.33,18.97,1.64
17/03/2025,March,1946,91 DAY BILL,15.26,15.86,0.60
17/03/2025,March,1946,182 DAY BILL,15.61,16.93,1.32
17/03/2025,March,1946,364 DAY BILL,15.94,18.97,3.02
24/03/2025,March,1947,182 DAY BILL,15.61,16.93,1.32
24/03/2025,March,1947,364 DAY BILL,15.86,18.85,2.99
24/03/2025,March,1947,91 DAY BILL,15.14,15.74,0.60
31/03/2025,March,1948,91 DAY BILL,15.12,15.71,0.59
31/03/2025,March,1948,182 DAY BILL,15.44,16.73,1.29
31/03/2025,March,1948,364 DAY BILL,15.86,18.84,2.99
07/04/2025,April,1949,91 DAY BILL,15.06,15.65,0.59
07/04/2025,April,1949,364 DAY BILL,15.85,18.83,2.98
07/04/2025,April,1949,182 DAY BILL,15.24,16.50,1.26
14/04/2025,April,1950,91 DAY BILL,14.88,15.45,0.57
14/04/2025,April,1950,182 DAY BILL,15.00,16.21,1.22
14/04/2025,April,1950,364 DAY BILL,15.72,18.65,2.93
21/04/2025,April,1951,91 DAY BILL,14.88,15.45,0.57
21/04/2025,April,1951,182 DAY BILL,14.97,16.18,1.21
21/04/2025,April,1951,364 DAY BILL,15.70,18.62,2.92
28/04/2025,April,1952,91 DAY BILL,14.76,15.32,0.57
28/04/2025,April,1952,182 DAY BILL,14.85,16.04,1.19
28/04/2025,April,1952,364 DAY BILL,15.52,18.37,2.85
05/05/2025,May,1953,91 DAY BILL,14.67,15.23,0.56
05/05/2025,May,1953,182 DAY BILL,14.62,15.78,1.15
05/05/2025,May,1953,364 DAY BILL,14.50,16.96,2.46
12/05/2025,May,1954,91 DAY BILL,14.61,15.16,0.55
12/05/2025,May,1954,182 DAY BILL,14.56,15.70,1.14
12/05/2025,May,1954,364 DAY BILL,14.38,16.80,2.42
19/05/2025,May,1955,364 DAY BILL,14.37,16.79,2.41
19/05/2025,May,1955,182 DAY BILL,14.54,15.68,1.14
19/05/2025,May,1955,91 DAY BILL,14.56,15.11,0.55
26/05/2025,May,1956,91 DAY BILL,14.39,14.93,0.54
26/05/2025,May,1956,182 DAY BILL,14.43,15.55,1.12
26/05/2025,May,1956,364 DAY BILL,13.79,16.00,2.21
02/06/2025,June,1957,91 DAY BILL,14.27,14.79,0.53
02/06/2025,June,1957,182 DAY BILL,14.37,15.49,1.11
02/06/2025,June,1957,364 DAY BILL,13.73,15.91,2.18
09/06/2025,June,1958,91 DAY BILL,14.26,14.79,0.53
09/06/2025,June,1958,182 DAY BILL,14.35,15.46,1.11
09/06/2025,June,1958,364 DAY BILL,13.64,15.80,2.16
16/06/2025,June,1959,91 DAY BILL,14.18,14.70,0.52
16/06/2025,June,1959,182 DAY BILL,14.17,15.25,1.08
16/06/2025,June,1959,364 DAY BILL,13.60,15.74,2.14
23/06/2025,June,1960,91 DAY BILL,14.18,14.70,0.52
23/06/2025,June,1960,182 DAY BILL,14.17,15.25,1.08
23/06/2025,June,1960,364 DAY BILL,13.56,15.69,2.13
30/06/2025,June,1961,91 DAY BILL,14.17,14.69,0.52
30/06/2025,June,1961,182 DAY BILL,14.17,15.25,1.08
30/06/2025,June,1961,364 DAY BILL,13.54,15.66,2.12
07/07/2025,July,1962,91 DAY BILL,14.06,14.57,0.51
07/07/2025,July,1962,182 DAY BILL,13.97,15.02,1.05
07/07/2025,July,1962,364 DAY BILL,13.17,15.17,2.00
14/07/2025,July,1963,91 DAY BILL,14.14,14.66,0.52
14/07/2025,July,1963,182 DAY BILL,13.98,15.03,1.05
14/07/2025,July,1963,364 DAY BILL,13.17,15.17,2.00
21/07/2025,July,1964,91 DAY BILL,13.27,13.73,0.46
21/07/2025,July,1964,182 DAY BILL,13.62,14.62,1.00
21/07/2025,July,1964,364 DAY BILL,12.85,14.74,1.89
28/07/2025,July,1965,91 DAY BILL,10.55,10.84,0.29
28/07/2025,July,1965,182 DAY BILL,12.41,13.23,0.82
28/07/2025,July,1965,364 DAY BILL,12.51,14.30,1.79
04/08/2025,August,1966,182 DAY BILL,11.64,12.36,0.72
04/08/2025,August,1966,91 DAY BILL,10.04,10.29,0.26
04/08/2025,August,1966,364 DAY BILL,11.70,13.25,1.55
11/08/2025,August,1967,91 DAY BILL,9.95,10.20,0.25
11/08/2025,August,1967,364 DAY BILL,11.58,13.10,1.52
11/08/2025,August,1967,182 DAY BILL,11.55,12.25,0.71
18/08/2025,August,1968,91 DAY BILL,9.89,10.14,0.25
18/08/2025,August,1968,182 DAY BILL,11.53,12.23,0.70
18/08/2025,August,1968,364 DAY BILL,11.57,13.09,1.51
25/08/2025,August,1969,91 DAY BILL,10.16,10.42,0.26
25/08/2025,August,1969,182 DAY BILL,11.66,12.39,0.72
25/08/2025,August,1969,364 DAY BILL,11.51,13.00,1.50
01/09/2025,September,1970,91 DAY BILL,10.07,10.33,0.26
01/09/2025,September,1970,182 DAY BILL,11.65,12.37,0.72
01/09/2025,September,1970,364 DAY BILL,11.50,13.00,1.50
08/09/2025,September,1971,91 DAY BILL,10.16,10.42,0.26
08/09/2025,September,1971,182 DAY BILL,11.69,12.41,0.73
08/09/2025,September,1971,364 DAY BILL,11.48,12.97,1.49
15/09/2025,September,1972,91 DAY BILL,10.26,10.53,0.27
15/09/2025,September,1972,182 DAY BILL,11.71,12.44,0.73
15/09/2025,September,1972,364 DAY BILL,11.47,12.96,1.49
22/09/2025,September,1973,91 DAY BILL,10.19,10.46,0.27
22/09/2025,September,1973,182 DAY BILL,11.64,12.36,0.72
22/09/2025,September,1973,364 DAY BILL,11.41,12.88,1.47
29/09/2025,September,1974,91 DAY BILL,10.24,10.50,0.27
29/09/2025,September,1974,182 DAY BILL,11.67,12.39,0.72
29/09/2025,September,1974,364 DAY BILL,11.43,12.90,1.47
